number of samples,entropy_fn,least_confident_fn,margin_sampling_fn,random_fn
0.0,0.1724137931034483,0.1724137931034483,0.1724137931034483,0.1724137931034483
400.0,0.1896551724137931,0.23994252873563218,0.5560344827586207,0.6522988505747126
700.0,0.20402298850574713,0.3505747126436782,0.6077586206896551,0.6724137931034483
