number of samples,entropy_fn,least_confident_fn,margin_sampling_fn,random_fn
0.0,0.1752873563218391,0.1752873563218391,0.1752873563218391,0.1752873563218391
400.0,0.10919540229885058,0.1724137931034483,0.1867816091954023,0.28735632183908044
