fraction used,entropy_fn,mutural_info_uniform_fn,diff_uniform_fn
0.0,0.75,0.75,0.75
0.29,0.7413793103448276,0.7614942528735632,0.7672413793103449
0.57,0.7658045977011494,0.7614942528735632,0.7801724137931034
0.86,0.7456896551724138,0.7471264367816092,0.7140804597701149
1.0,0.6724137931034483,0.6609195402298851,0.7341954022988506
