number of samples,entropy_fn,least_confident_fn,margin_sampling_fn,random_fn
0.0,0.4813218390804598,0.4813218390804598,0.4813218390804598,0.4813218390804598
100.0,0.5545977011494253,0.6810344827586207,0.7485632183908046,0.40948275862068967
200.0,0.5991379310344828,0.7097701149425287,0.7385057471264368,0.7471264367816092
300.0,0.6005747126436781,0.7327586206896551,0.75,0.7413793103448276
400.0,0.6623563218390804,0.7298850574712644,0.757183908045977,0.7399425287356322
500.0,0.6997126436781609,0.7212643678160919,0.7341954022988506,0.7126436781609196
600.0,0.7155172413793104,0.7083333333333334,0.7614942528735632,0.7629310344827587
700.0,0.7255747126436781,0.7212643678160919,0.764367816091954,0.7528735632183908
